"PID","ID_0","ISO","NAME_0","ID_1","NAME_1","NL_NAME_1","VARNAME_1","TYPE_1","ENGTYPE_1"
2347,180,"PRT","Portugal",1,"Aveiro","","","Distrito","District"
2348,180,"PRT","Portugal",2,"Azores","","Açores","Regiões autônoma","Autonomous region"
2349,180,"PRT","Portugal",3,"Beja","","","Distrito","District"
2350,180,"PRT","Portugal",4,"Braga","","","Distrito","District"
2351,180,"PRT","Portugal",5,"Bragança","","Braganza","Distrito","District"
2352,180,"PRT","Portugal",6,"Castelo Branco","","","Distrito","District"
2353,180,"PRT","Portugal",7,"Coimbra","","","Distrito","District"
2354,180,"PRT","Portugal",8,"Évora","","","Distrito","District"
2355,180,"PRT","Portugal",9,"Faro","","","Distrito","District"
2356,180,"PRT","Portugal",10,"Guarda","","","Distrito","District"
2357,180,"PRT","Portugal",11,"Leiria","","","Distrito","District"
2358,180,"PRT","Portugal",12,"Lisboa","","Lisbon|Lisbona|Lisbonne|Lissabon","Distrito","District"
2359,180,"PRT","Portugal",13,"Madeira","","","Regiões autônoma","Autonomous region"
2360,180,"PRT","Portugal",14,"Portalegre","","","Distrito","District"
2361,180,"PRT","Portugal",15,"Porto","","Oporto","Distrito","District"
2362,180,"PRT","Portugal",16,"Santarém","","","Distrito","District"
2363,180,"PRT","Portugal",17,"Setúbal","","","Distrito","District"
2364,180,"PRT","Portugal",18,"Viana do Castelo","","Vianna do Castello","Distrito","District"
2365,180,"PRT","Portugal",19,"Vila Real","","Villa Real","Distrito","District"
2366,180,"PRT","Portugal",20,"Viseu","","Vizeu","Distrito","District"
