"PID","ID_0","ISO","NAME_0","ID_1","NAME_1","ID_2","NAME_2","NL_NAME_2","VARNAME_2","TYPE_2","ENGTYPE_2"
25780,180,"PRT","Portugal",6,"Castelo Branco",86,"Sertã","","","Concelho","Municipality"
25781,180,"PRT","Portugal",6,"Castelo Branco",87,"Vila de Rei","","","Concelho","Municipality"
25782,180,"PRT","Portugal",6,"Castelo Branco",88,"Vila Velha de Ródão","","","Concelho","Municipality"
25783,180,"PRT","Portugal",7,"Coimbra",89,"Arganil","","","Concelho","Municipality"
25784,180,"PRT","Portugal",7,"Coimbra",90,"Cantanhede","","","Concelho","Municipality"
25785,180,"PRT","Portugal",7,"Coimbra",91,"Coimbra","","","Concelho","Municipality"
25786,180,"PRT","Portugal",7,"Coimbra",92,"Condeixa-a-Nova","","","Concelho","Municipality"
25787,180,"PRT","Portugal",7,"Coimbra",93,"Figueira da Foz","","","Concelho","Municipality"
25788,180,"PRT","Portugal",7,"Coimbra",94,"Góis","","","Concelho","Municipality"
25789,180,"PRT","Portugal",7,"Coimbra",95,"Lousã","","","Concelho","Municipality"
25790,180,"PRT","Portugal",7,"Coimbra",96,"Mira","","","Concelho","Municipality"
25791,180,"PRT","Portugal",7,"Coimbra",97,"Miranda do Corvo","","","Concelho","Municipality"
25792,180,"PRT","Portugal",7,"Coimbra",98,"Montemor-o-Velho","","","Concelho","Municipality"
25793,180,"PRT","Portugal",7,"Coimbra",99,"Oliveira do Hospital","","","Concelho","Municipality"
25794,180,"PRT","Portugal",7,"Coimbra",100,"Pampilhosa da Serra","","","Concelho","Municipality"
25795,180,"PRT","Portugal",7,"Coimbra",101,"Penacova","","","Concelho","Municipality"
25796,180,"PRT","Portugal",7,"Coimbra",102,"Penela","","","Concelho","Municipality"
25797,180,"PRT","Portugal",7,"Coimbra",103,"Soure","","","Concelho","Municipality"
25798,180,"PRT","Portugal",7,"Coimbra",104,"Tábua","","","Concelho","Municipality"
25799,180,"PRT","Portugal",7,"Coimbra",105,"Vila Nova de Poiares","","","Concelho","Municipality"
25800,180,"PRT","Portugal",8,"Évora",106,"Alandroal","","","Concelho","Municipality"
25801,180,"PRT","Portugal",8,"Évora",107,"Arraiolos","","","Concelho","Municipality"
25802,180,"PRT","Portugal",8,"Évora",108,"Borba","","","Concelho","Municipality"
25803,180,"PRT","Portugal",8,"Évora",109,"Estremoz","","","Concelho","Municipality"
29095,180,"PRT","Portugal",1,"Aveiro",1,"Águeda","","","Concelho","Municipality"
29096,180,"PRT","Portugal",1,"Aveiro",2,"Albergaria-a-Velha","","","Concelho","Municipality"
29097,180,"PRT","Portugal",1,"Aveiro",3,"Anadia","","","Concelho","Municipality"
29098,180,"PRT","Portugal",1,"Aveiro",4,"Arouca","","","Concelho","Municipality"
29099,180,"PRT","Portugal",1,"Aveiro",5,"Aveiro","","","Concelho","Municipality"
29100,180,"PRT","Portugal",1,"Aveiro",6,"Castelo de Paiva","","","Concelho","Municipality"
29101,180,"PRT","Portugal",1,"Aveiro",7,"Espinho","","","Concelho","Municipality"
29102,180,"PRT","Portugal",1,"Aveiro",8,"Estarreja","","","Concelho","Municipality"
29103,180,"PRT","Portugal",1,"Aveiro",9,"Ílhavo","","","Concelho","Municipality"
29104,180,"PRT","Portugal",1,"Aveiro",10,"Mealhada","","","Concelho","Municipality"
29105,180,"PRT","Portugal",1,"Aveiro",11,"Murtosa","","","Concelho","Municipality"
29106,180,"PRT","Portugal",1,"Aveiro",12,"Oliveira de Azeméis","","","Concelho","Municipality"
29107,180,"PRT","Portugal",1,"Aveiro",13,"Oliveira do Bairro","","","Concelho","Municipality"
29108,180,"PRT","Portugal",1,"Aveiro",14,"Ovar","","","Concelho","Municipality"
29109,180,"PRT","Portugal",1,"Aveiro",15,"Santa Maria da Feira","","Feira","Concelho","Municipality"
29110,180,"PRT","Portugal",1,"Aveiro",16,"São João da Madeira","","","Concelho","Municipality"
29111,180,"PRT","Portugal",1,"Aveiro",17,"Sever do Vouga","","","Concelho","Municipality"
29112,180,"PRT","Portugal",1,"Aveiro",18,"Vagos","","","Concelho","Municipality"
29113,180,"PRT","Portugal",1,"Aveiro",19,"Vale de Cambra","","","Concelho","Municipality"
29114,180,"PRT","Portugal",2,"Azores",20,"Angra do Heroísmo","'<U+0250>~g<U+027E><U+0250> du e<U+027E>u'i<U+0292>mu","Angra","Concelho","Municipality"
29115,180,"PRT","Portugal",2,"Azores",21,"Calheta","","","Concelho","Municipality"
29116,180,"PRT","Portugal",2,"Azores",22,"Corvo","","Korvu","Concelho","Municipality"
29117,180,"PRT","Portugal",2,"Azores",23,"Horta","","","Concelho","Municipality"
29118,180,"PRT","Portugal",2,"Azores",24,"Lagoa","","","Concelho","Municipality"
29119,180,"PRT","Portugal",2,"Azores",25,"Lajes das Flores","","","Concelho","Municipality"
29120,180,"PRT","Portugal",2,"Azores",26,"Lajes do Pico","","","Concelho","Municipality"
29121,180,"PRT","Portugal",2,"Azores",27,"Madalena","","","Concelho","Municipality"
29122,180,"PRT","Portugal",2,"Azores",28,"Nordeste","","","Concelho","Municipality"
29123,180,"PRT","Portugal",2,"Azores",29,"Ponta Delgada","","","Concelho","Municipality"
29124,180,"PRT","Portugal",2,"Azores",30,"Povoação","","","Concelho","Municipality"
29125,180,"PRT","Portugal",2,"Azores",31,"Praia da Vitória","","","Concelho","Municipality"
29126,180,"PRT","Portugal",2,"Azores",32,"Ribeira Grande","","","Concelho","Municipality"
29127,180,"PRT","Portugal",2,"Azores",33,"Santa Cruz da Graciosa","","","Concelho","Municipality"
29128,180,"PRT","Portugal",2,"Azores",34,"Santa Cruz das Flores","","","Concelho","Municipality"
29129,180,"PRT","Portugal",2,"Azores",35,"São Roque do Pico","","","Concelho","Municipality"
29130,180,"PRT","Portugal",2,"Azores",36,"Velas","","","Concelho","Municipality"
29131,180,"PRT","Portugal",2,"Azores",37,"Vila do Porto","","","Concelho","Municipality"
29132,180,"PRT","Portugal",2,"Azores",38,"Vila Franca do Campo","","","Concelho","Municipality"
29133,180,"PRT","Portugal",3,"Beja",39,"Aljustrel","","","Concelho","Municipality"
29134,180,"PRT","Portugal",3,"Beja",40,"Almodôvar","","","Concelho","Municipality"
29135,180,"PRT","Portugal",3,"Beja",41,"Alvito","","","Concelho","Municipality"
29136,180,"PRT","Portugal",3,"Beja",42,"Barrancos","","","Concelho","Municipality"
29137,180,"PRT","Portugal",3,"Beja",43,"Beja","","","Concelho","Municipality"
29138,180,"PRT","Portugal",3,"Beja",44,"Castro Verde","","","Concelho","Municipality"
29139,180,"PRT","Portugal",3,"Beja",45,"Cuba","","","Concelho","Municipality"
29140,180,"PRT","Portugal",3,"Beja",46,"Ferreira do Alentejo","","","Concelho","Municipality"
29141,180,"PRT","Portugal",3,"Beja",47,"Mértola","","","Concelho","Municipality"
29142,180,"PRT","Portugal",3,"Beja",48,"Moura","","","Concelho","Municipality"
29143,180,"PRT","Portugal",3,"Beja",49,"Odemira","","","Concelho","Municipality"
29144,180,"PRT","Portugal",3,"Beja",50,"Ourique","","","Concelho","Municipality"
29145,180,"PRT","Portugal",3,"Beja",51,"Serpa","","","Concelho","Municipality"
29146,180,"PRT","Portugal",3,"Beja",52,"Vidigueira","","","Concelho","Municipality"
29147,180,"PRT","Portugal",4,"Braga",53,"Amares","","","Concelho","Municipality"
29148,180,"PRT","Portugal",4,"Braga",54,"Barcelos","","","Concelho","Municipality"
29149,180,"PRT","Portugal",4,"Braga",55,"Braga","","","Concelho","Municipality"
29150,180,"PRT","Portugal",4,"Braga",56,"Cabeceiras de Basto","","","Concelho","Municipality"
29151,180,"PRT","Portugal",4,"Braga",57,"Celorico de Basto","","","Concelho","Municipality"
29152,180,"PRT","Portugal",4,"Braga",58,"Esposende","","","Concelho","Municipality"
29153,180,"PRT","Portugal",4,"Braga",59,"Fafe","","","Concelho","Municipality"
29154,180,"PRT","Portugal",4,"Braga",60,"Póvoa de Lanhoso","","","Concelho","Municipality"
29155,180,"PRT","Portugal",4,"Braga",61,"Terras de Bouro","","","Concelho","Municipality"
29156,180,"PRT","Portugal",4,"Braga",62,"Vieira do Minho","","","Concelho","Municipality"
29157,180,"PRT","Portugal",4,"Braga",63,"Vila Nova de Famalicão","","","Concelho","Municipality"
29158,180,"PRT","Portugal",4,"Braga",64,"Vila Verde","","","Concelho","Municipality"
29159,180,"PRT","Portugal",4,"Braga",65,"Vizela","","","Concelho","Municipality"
29160,180,"PRT","Portugal",5,"Bragança",66,"Alfândega da Fé","","","Concelho","Municipality"
29161,180,"PRT","Portugal",5,"Bragança",67,"Bragança","","","Concelho","Municipality"
29162,180,"PRT","Portugal",5,"Bragança",68,"Carrazeda de Ansiães","","","Concelho","Municipality"
29163,180,"PRT","Portugal",5,"Bragança",69,"Freixo de Espada à Cinta","","","Concelho","Municipality"
29164,180,"PRT","Portugal",5,"Bragança",70,"Macedo de Cavaleiros","","","Concelho","Municipality"
29165,180,"PRT","Portugal",5,"Bragança",71,"Miranda do Douro","","","Concelho","Municipality"
29166,180,"PRT","Portugal",5,"Bragança",72,"Mirandela","","","Concelho","Municipality"
29167,180,"PRT","Portugal",5,"Bragança",73,"Mogadouro","","","Concelho","Municipality"
29168,180,"PRT","Portugal",5,"Bragança",74,"Torre de Moncorvo","","","Concelho","Municipality"
29169,180,"PRT","Portugal",5,"Bragança",75,"Vila Flor","","","Concelho","Municipality"
29170,180,"PRT","Portugal",5,"Bragança",76,"Vimioso","","","Concelho","Municipality"
29171,180,"PRT","Portugal",5,"Bragança",77,"Vinhais","","","Concelho","Municipality"
29172,180,"PRT","Portugal",6,"Castelo Branco",78,"Belmonte","","","Concelho","Municipality"
29173,180,"PRT","Portugal",6,"Castelo Branco",79,"Castelo Branco","","","Concelho","Municipality"
29174,180,"PRT","Portugal",6,"Castelo Branco",80,"Covilhã","","","Concelho","Municipality"
29175,180,"PRT","Portugal",6,"Castelo Branco",81,"Fundão","","","Concelho","Municipality"
29176,180,"PRT","Portugal",6,"Castelo Branco",82,"Idanha-a-Nova","","","Concelho","Municipality"
29177,180,"PRT","Portugal",6,"Castelo Branco",83,"Oleiros","","","Concelho","Municipality"
29178,180,"PRT","Portugal",6,"Castelo Branco",84,"Penamacor","","","Concelho","Municipality"
29179,180,"PRT","Portugal",6,"Castelo Branco",85,"Proença-a-Nova","","","Concelho","Municipality"
29180,180,"PRT","Portugal",8,"Évora",110,"Évora","","","Concelho","Municipality"
29181,180,"PRT","Portugal",8,"Évora",111,"Montemor-o-Novo","","","Concelho","Municipality"
29182,180,"PRT","Portugal",8,"Évora",112,"Mora","","","Concelho","Municipality"
29183,180,"PRT","Portugal",8,"Évora",113,"Mourão","","","Concelho","Municipality"
29184,180,"PRT","Portugal",8,"Évora",114,"Portel","","","Concelho","Municipality"
29185,180,"PRT","Portugal",8,"Évora",115,"Redondo","","","Concelho","Municipality"
29186,180,"PRT","Portugal",8,"Évora",116,"Reguengos de Monsaraz","","","Concelho","Municipality"
29187,180,"PRT","Portugal",8,"Évora",117,"Vendas Novas","","","Concelho","Municipality"
29188,180,"PRT","Portugal",8,"Évora",118,"Viana do Alentejo","","","Concelho","Municipality"
29189,180,"PRT","Portugal",8,"Évora",119,"Vila Viçosa","","","Concelho","Municipality"
29190,180,"PRT","Portugal",9,"Faro",120,"Albufeira","","","Concelho","Municipality"
29191,180,"PRT","Portugal",9,"Faro",121,"Alcoutim","","","Concelho","Municipality"
29192,180,"PRT","Portugal",9,"Faro",122,"Aljezur","","","Concelho","Municipality"
29193,180,"PRT","Portugal",9,"Faro",123,"Castro Marim","","","Concelho","Municipality"
29194,180,"PRT","Portugal",9,"Faro",124,"Faro","","","Concelho","Municipality"
29195,180,"PRT","Portugal",9,"Faro",125,"Lagoa","","","Concelho","Municipality"
29196,180,"PRT","Portugal",9,"Faro",126,"Lagos","","","Concelho","Municipality"
29197,180,"PRT","Portugal",9,"Faro",127,"Loulé","","","Concelho","Municipality"
29198,180,"PRT","Portugal",9,"Faro",128,"Monchique","","","Concelho","Municipality"
29199,180,"PRT","Portugal",9,"Faro",129,"Olhão","","","Concelho","Municipality"
29200,180,"PRT","Portugal",9,"Faro",130,"Portimão","","","Concelho","Municipality"
29201,180,"PRT","Portugal",9,"Faro",131,"São Brás de Alportel","","","Concelho","Municipality"
29202,180,"PRT","Portugal",9,"Faro",132,"Silves","","","Concelho","Municipality"
29203,180,"PRT","Portugal",9,"Faro",133,"Vila do Bispo","","","Concelho","Municipality"
29204,180,"PRT","Portugal",9,"Faro",134,"Vila Real de Santo António","","","Concelho","Municipality"
29205,180,"PRT","Portugal",10,"Guarda",135,"Aguiar da Beira","","","Concelho","Municipality"
29206,180,"PRT","Portugal",10,"Guarda",136,"Almeida","","","Concelho","Municipality"
29207,180,"PRT","Portugal",10,"Guarda",137,"Celorico da Beira","","","Concelho","Municipality"
29208,180,"PRT","Portugal",10,"Guarda",138,"Figueira de Castelo Rodrigo","","","Concelho","Municipality"
29209,180,"PRT","Portugal",10,"Guarda",139,"Fornos de Algodres","","","Concelho","Municipality"
29210,180,"PRT","Portugal",10,"Guarda",140,"Gouveia","","","Concelho","Municipality"
29211,180,"PRT","Portugal",10,"Guarda",141,"Guarda","","","Concelho","Municipality"
29212,180,"PRT","Portugal",10,"Guarda",142,"Manteigas","","","Concelho","Municipality"
29213,180,"PRT","Portugal",10,"Guarda",143,"Mêda","","","Concelho","Municipality"
29214,180,"PRT","Portugal",10,"Guarda",144,"Pinhel","","","Concelho","Municipality"
29215,180,"PRT","Portugal",10,"Guarda",145,"Sabugal","","","Concelho","Municipality"
29216,180,"PRT","Portugal",10,"Guarda",146,"Seia","","","Concelho","Municipality"
29217,180,"PRT","Portugal",10,"Guarda",147,"Trancoso","","","Concelho","Municipality"
29218,180,"PRT","Portugal",10,"Guarda",148,"Vila Nova de Foz Côa","","","Concelho","Municipality"
29219,180,"PRT","Portugal",11,"Leiria",149,"Alcobaça","","","Concelho","Municipality"
29220,180,"PRT","Portugal",11,"Leiria",150,"Alvaiázere","","","Concelho","Municipality"
29221,180,"PRT","Portugal",11,"Leiria",151,"Ansião","","","Concelho","Municipality"
29222,180,"PRT","Portugal",11,"Leiria",152,"Batalha","","","Concelho","Municipality"
29223,180,"PRT","Portugal",11,"Leiria",153,"Bombarral","","","Concelho","Municipality"
29224,180,"PRT","Portugal",11,"Leiria",154,"Caldas da Rainha","","","Concelho","Municipality"
29225,180,"PRT","Portugal",11,"Leiria",155,"Castanheira de Pêra","","","Concelho","Municipality"
29226,180,"PRT","Portugal",11,"Leiria",156,"Figueiró dos Vinhos","","","Concelho","Municipality"
29227,180,"PRT","Portugal",11,"Leiria",157,"Leiria","","","Concelho","Municipality"
29228,180,"PRT","Portugal",11,"Leiria",158,"Marinha Grande","","","Concelho","Municipality"
29229,180,"PRT","Portugal",11,"Leiria",159,"Nazaré","","","Concelho","Municipality"
29230,180,"PRT","Portugal",11,"Leiria",160,"Óbidos","","","Concelho","Municipality"
29231,180,"PRT","Portugal",11,"Leiria",161,"Pedrógão Grande","","","Concelho","Municipality"
29232,180,"PRT","Portugal",11,"Leiria",162,"Peniche","","","Concelho","Municipality"
29233,180,"PRT","Portugal",11,"Leiria",163,"Pombal","","","Concelho","Municipality"
29234,180,"PRT","Portugal",11,"Leiria",164,"Porto de Mós","","","Concelho","Municipality"
29235,180,"PRT","Portugal",12,"Lisboa",165,"Alenquer","","","Concelho","Municipality"
29236,180,"PRT","Portugal",12,"Lisboa",166,"Amadora","","","Concelho","Municipality"
29237,180,"PRT","Portugal",12,"Lisboa",167,"Arruda dos Vinhos","","","Concelho","Municipality"
29238,180,"PRT","Portugal",12,"Lisboa",168,"Azambuja","","","Concelho","Municipality"
29239,180,"PRT","Portugal",12,"Lisboa",169,"Cadaval","","","Concelho","Municipality"
29240,180,"PRT","Portugal",12,"Lisboa",170,"Cascais","","","Concelho","Municipality"
29241,180,"PRT","Portugal",12,"Lisboa",171,"Lisboa","","","Concelho","Municipality"
29242,180,"PRT","Portugal",12,"Lisboa",172,"Loures","","","Concelho","Municipality"
29243,180,"PRT","Portugal",12,"Lisboa",173,"Lourinhã","","","Concelho","Municipality"
29244,180,"PRT","Portugal",12,"Lisboa",174,"Mafra","","","Concelho","Municipality"
29245,180,"PRT","Portugal",12,"Lisboa",175,"Odivelas","","","Concelho","Municipality"
29246,180,"PRT","Portugal",12,"Lisboa",176,"Oeiras","","","Concelho","Municipality"
29247,180,"PRT","Portugal",12,"Lisboa",177,"Sintra","","","Concelho","Municipality"
29248,180,"PRT","Portugal",12,"Lisboa",178,"Sobral de Monte Agraço","","","Concelho","Municipality"
29249,180,"PRT","Portugal",12,"Lisboa",179,"Torres Vedras","","","Concelho","Municipality"
29250,180,"PRT","Portugal",12,"Lisboa",180,"Vila Franca de Xira","","","Concelho","Municipality"
29251,180,"PRT","Portugal",13,"Madeira",181,"Calheta","","","Concelho","Municipality"
29252,180,"PRT","Portugal",13,"Madeira",182,"Câmara de Lobos","","","Concelho","Municipality"
29253,180,"PRT","Portugal",13,"Madeira",183,"Funchal","","","Concelho","Municipality"
29254,180,"PRT","Portugal",13,"Madeira",184,"Machico","","","Concelho","Municipality"
29255,180,"PRT","Portugal",13,"Madeira",185,"Ponta do Sol","","","Concelho","Municipality"
29256,180,"PRT","Portugal",13,"Madeira",186,"Porto Moniz","","","Concelho","Municipality"
29257,180,"PRT","Portugal",13,"Madeira",187,"Porto Santo","","","Concelho","Municipality"
29258,180,"PRT","Portugal",13,"Madeira",188,"Ribeira Brava","","","Concelho","Municipality"
29259,180,"PRT","Portugal",13,"Madeira",189,"Santa Cruz","","","Concelho","Municipality"
29260,180,"PRT","Portugal",13,"Madeira",190,"Santana","","","Concelho","Municipality"
29261,180,"PRT","Portugal",13,"Madeira",191,"São Vicente","","","Concelho","Municipality"
29262,180,"PRT","Portugal",14,"Portalegre",192,"Alter do Chão","","","Concelho","Municipality"
29263,180,"PRT","Portugal",14,"Portalegre",193,"Arronches","","","Concelho","Municipality"
29264,180,"PRT","Portugal",14,"Portalegre",194,"Avis","","","Concelho","Municipality"
29265,180,"PRT","Portugal",14,"Portalegre",195,"Campo Maior","","","Concelho","Municipality"
29266,180,"PRT","Portugal",14,"Portalegre",196,"Castelo de Vide","","","Concelho","Municipality"
29267,180,"PRT","Portugal",14,"Portalegre",197,"Crato","","","Concelho","Municipality"
29268,180,"PRT","Portugal",14,"Portalegre",198,"Elvas","","","Concelho","Municipality"
29269,180,"PRT","Portugal",14,"Portalegre",199,"Fronteira","","","Concelho","Municipality"
29270,180,"PRT","Portugal",14,"Portalegre",200,"Gavião","","","Concelho","Municipality"
29271,180,"PRT","Portugal",14,"Portalegre",201,"Marvão","","","Concelho","Municipality"
29272,180,"PRT","Portugal",14,"Portalegre",202,"Monforte","","","Concelho","Municipality"
29273,180,"PRT","Portugal",14,"Portalegre",203,"Nisa","","","Concelho","Municipality"
29274,180,"PRT","Portugal",14,"Portalegre",204,"Ponte de Sôr","","","Concelho","Municipality"
29275,180,"PRT","Portugal",14,"Portalegre",205,"Portalegre","","","Concelho","Municipality"
29276,180,"PRT","Portugal",14,"Portalegre",206,"Sousel","","","Concelho","Municipality"
29277,180,"PRT","Portugal",15,"Porto",207,"Amarante","","","Concelho","Municipality"
29278,180,"PRT","Portugal",15,"Porto",208,"Baião","","","Concelho","Municipality"
29279,180,"PRT","Portugal",15,"Porto",209,"Felgueiras","","","Concelho","Municipality"
29280,180,"PRT","Portugal",15,"Porto",210,"Gondomar","","","Concelho","Municipality"
29281,180,"PRT","Portugal",15,"Porto",211,"Lousada","","","Concelho","Municipality"
29282,180,"PRT","Portugal",15,"Porto",212,"Maia","","","Concelho","Municipality"
29283,180,"PRT","Portugal",15,"Porto",213,"Marco de Canaveses","","","Concelho","Municipality"
29284,180,"PRT","Portugal",15,"Porto",214,"Matosinhos","","","Concelho","Municipality"
29285,180,"PRT","Portugal",15,"Porto",215,"Paços de Ferreira","","","Concelho","Municipality"
29286,180,"PRT","Portugal",15,"Porto",216,"Paredes","","","Concelho","Municipality"
29287,180,"PRT","Portugal",15,"Porto",217,"Penafiel","","","Concelho","Municipality"
29288,180,"PRT","Portugal",15,"Porto",218,"Porto","","","Concelho","Municipality"
29289,180,"PRT","Portugal",15,"Porto",219,"Póvoa de Varzim","","","Concelho","Municipality"
29290,180,"PRT","Portugal",15,"Porto",220,"Santo Tirso","","","Concelho","Municipality"
29291,180,"PRT","Portugal",15,"Porto",221,"Trofa","","","Concelho","Municipality"
29292,180,"PRT","Portugal",15,"Porto",222,"Valongo","","","Concelho","Municipality"
29293,180,"PRT","Portugal",15,"Porto",223,"Vila do Conde","","","Concelho","Municipality"
29294,180,"PRT","Portugal",15,"Porto",224,"Vila Nova de Gaia","","","Concelho","Municipality"
29295,180,"PRT","Portugal",16,"Santarém",225,"Abrantes","","","Concelho","Municipality"
29296,180,"PRT","Portugal",16,"Santarém",226,"Alcanena","","","Concelho","Municipality"
29297,180,"PRT","Portugal",16,"Santarém",227,"Almeirim","","","Concelho","Municipality"
29298,180,"PRT","Portugal",16,"Santarém",228,"Alpiarça","","","Concelho","Municipality"
29299,180,"PRT","Portugal",16,"Santarém",229,"Benavente","","","Concelho","Municipality"
29300,180,"PRT","Portugal",16,"Santarém",230,"Cartaxo","","","Concelho","Municipality"
29301,180,"PRT","Portugal",16,"Santarém",231,"Chamusca","","","Concelho","Municipality"
29302,180,"PRT","Portugal",16,"Santarém",232,"Constância","","","Concelho","Municipality"
29303,180,"PRT","Portugal",16,"Santarém",233,"Coruche","","","Concelho","Municipality"
29304,180,"PRT","Portugal",16,"Santarém",234,"Entroncamento","","","Concelho","Municipality"
29305,180,"PRT","Portugal",16,"Santarém",235,"Ferreira do Zêzere","","","Concelho","Municipality"
29306,180,"PRT","Portugal",16,"Santarém",236,"Golegã","","","Concelho","Municipality"
29307,180,"PRT","Portugal",16,"Santarém",237,"Mação","","","Concelho","Municipality"
29308,180,"PRT","Portugal",16,"Santarém",238,"Ourém","","","Concelho","Municipality"
29309,180,"PRT","Portugal",16,"Santarém",239,"Rio Maior","","","Concelho","Municipality"
29310,180,"PRT","Portugal",16,"Santarém",240,"Salvaterra de Magos","","","Concelho","Municipality"
29311,180,"PRT","Portugal",16,"Santarém",241,"Santarém","","","Concelho","Municipality"
29312,180,"PRT","Portugal",16,"Santarém",242,"Sardoal","","","Concelho","Municipality"
29313,180,"PRT","Portugal",16,"Santarém",243,"Tomar","","","Concelho","Municipality"
29314,180,"PRT","Portugal",16,"Santarém",244,"Torres Novas","","","Concelho","Municipality"
29315,180,"PRT","Portugal",16,"Santarém",245,"Vila Nova da Barquinha","","","Concelho","Municipality"
29316,180,"PRT","Portugal",17,"Setúbal",246,"Alcácer do Sal","","","Concelho","Municipality"
29317,180,"PRT","Portugal",17,"Setúbal",247,"Alcochete","","","Concelho","Municipality"
29318,180,"PRT","Portugal",17,"Setúbal",248,"Almada","","","Concelho","Municipality"
29319,180,"PRT","Portugal",17,"Setúbal",249,"Barreiro","","","Concelho","Municipality"
29320,180,"PRT","Portugal",17,"Setúbal",250,"Grândola","","","Concelho","Municipality"
29321,180,"PRT","Portugal",17,"Setúbal",251,"Moita","","","Concelho","Municipality"
29322,180,"PRT","Portugal",17,"Setúbal",252,"Montijo","","","Concelho","Municipality"
29323,180,"PRT","Portugal",17,"Setúbal",253,"Palmela","","","Concelho","Municipality"
29324,180,"PRT","Portugal",17,"Setúbal",254,"Santiago do Cacém","","","Concelho","Municipality"
29325,180,"PRT","Portugal",17,"Setúbal",255,"Seixal","","","Concelho","Municipality"
29326,180,"PRT","Portugal",17,"Setúbal",256,"Sesimbra","","","Concelho","Municipality"
29327,180,"PRT","Portugal",17,"Setúbal",257,"Setúbal","","","Concelho","Municipality"
29328,180,"PRT","Portugal",17,"Setúbal",258,"Sines","","","Concelho","Municipality"
29329,180,"PRT","Portugal",18,"Viana do Castelo",259,"Arcos de Valdevez","","","Concelho","Municipality"
29330,180,"PRT","Portugal",18,"Viana do Castelo",260,"Caminha","","","Concelho","Municipality"
29331,180,"PRT","Portugal",18,"Viana do Castelo",261,"Melgaço","","","Concelho","Municipality"
29332,180,"PRT","Portugal",18,"Viana do Castelo",262,"Monção","","","Concelho","Municipality"
29333,180,"PRT","Portugal",18,"Viana do Castelo",263,"Paredes de Coura","","","Concelho","Municipality"
29334,180,"PRT","Portugal",18,"Viana do Castelo",264,"Ponte da Barca","","","Concelho","Municipality"
29335,180,"PRT","Portugal",18,"Viana do Castelo",265,"Ponte de Lima","","","Concelho","Municipality"
29336,180,"PRT","Portugal",18,"Viana do Castelo",266,"Valença","","","Concelho","Municipality"
29337,180,"PRT","Portugal",18,"Viana do Castelo",267,"Viana do Castelo","","","Concelho","Municipality"
29338,180,"PRT","Portugal",18,"Viana do Castelo",268,"Vila Nova de Cerveira","","","Concelho","Municipality"
29339,180,"PRT","Portugal",19,"Vila Real",269,"Alijó","","","Concelho","Municipality"
29340,180,"PRT","Portugal",19,"Vila Real",270,"Boticas","","","Concelho","Municipality"
29341,180,"PRT","Portugal",19,"Vila Real",271,"Chaves","","","Concelho","Municipality"
29342,180,"PRT","Portugal",19,"Vila Real",272,"Mesão Frio","","","Concelho","Municipality"
29343,180,"PRT","Portugal",19,"Vila Real",273,"Mondim de Basto","","","Concelho","Municipality"
29344,180,"PRT","Portugal",19,"Vila Real",274,"Montalegre","","","Concelho","Municipality"
29345,180,"PRT","Portugal",19,"Vila Real",275,"Murça","","","Concelho","Municipality"
29346,180,"PRT","Portugal",19,"Vila Real",276,"Peso da Régua","","","Concelho","Municipality"
29347,180,"PRT","Portugal",19,"Vila Real",277,"Ribeira de Pena","","","Concelho","Municipality"
29348,180,"PRT","Portugal",19,"Vila Real",278,"Sabrosa","","","Concelho","Municipality"
29349,180,"PRT","Portugal",19,"Vila Real",279,"Santa Marta de Penaguião","","","Concelho","Municipality"
29350,180,"PRT","Portugal",19,"Vila Real",280,"Valpaços","","","Concelho","Municipality"
29351,180,"PRT","Portugal",19,"Vila Real",281,"Vila Pouca de Aguiar","","","Concelho","Municipality"
29352,180,"PRT","Portugal",19,"Vila Real",282,"Vila Real","","","Concelho","Municipality"
29353,180,"PRT","Portugal",20,"Viseu",283,"Armamar","","","Concelho","Municipality"
29354,180,"PRT","Portugal",20,"Viseu",284,"Carregal do Sal","","","Concelho","Municipality"
29355,180,"PRT","Portugal",20,"Viseu",285,"Castro Daire","","","Concelho","Municipality"
29356,180,"PRT","Portugal",20,"Viseu",286,"Cinfães","","","Concelho","Municipality"
29357,180,"PRT","Portugal",20,"Viseu",287,"Lamego","","","Concelho","Municipality"
29358,180,"PRT","Portugal",20,"Viseu",288,"Mangualde","","","Concelho","Municipality"
29359,180,"PRT","Portugal",20,"Viseu",289,"Moimenta da Beira","","","Concelho","Municipality"
29360,180,"PRT","Portugal",20,"Viseu",290,"Mortágua","","","Concelho","Municipality"
29361,180,"PRT","Portugal",20,"Viseu",291,"Nelas","","","Concelho","Municipality"
29362,180,"PRT","Portugal",20,"Viseu",292,"Oliveira de Frades","","","Concelho","Municipality"
29363,180,"PRT","Portugal",20,"Viseu",293,"Penalva do Castelo","","","Concelho","Municipality"
29364,180,"PRT","Portugal",20,"Viseu",294,"Penedono","","","Concelho","Municipality"
29365,180,"PRT","Portugal",20,"Viseu",295,"Resende","","","Concelho","Municipality"
29366,180,"PRT","Portugal",20,"Viseu",296,"Santa Comba Dão","","","Concelho","Municipality"
29367,180,"PRT","Portugal",20,"Viseu",297,"São João da Pesqueira","","","Concelho","Municipality"
29368,180,"PRT","Portugal",20,"Viseu",298,"São Pedro do Sul","","","Concelho","Municipality"
29369,180,"PRT","Portugal",20,"Viseu",299,"Sátão","","","Concelho","Municipality"
29370,180,"PRT","Portugal",20,"Viseu",300,"Sernancelhe","","","Concelho","Municipality"
29371,180,"PRT","Portugal",20,"Viseu",301,"Tabuaço","","","Concelho","Municipality"
29372,180,"PRT","Portugal",20,"Viseu",302,"Tarouca","","","Concelho","Municipality"
29373,180,"PRT","Portugal",20,"Viseu",303,"Tondela","","","Concelho","Municipality"
29374,180,"PRT","Portugal",20,"Viseu",304,"Vila Nova de Paiva","","","Concelho","Municipality"
29375,180,"PRT","Portugal",20,"Viseu",305,"Viseu","","","Concelho","Municipality"
29376,180,"PRT","Portugal",20,"Viseu",306,"Vouzela","","","Concelho","Municipality"
