"PID","ID_0","ISO","NAME_0","ID_1","NAME_1","NL_NAME_1","VARNAME_1","TYPE_1","ENGTYPE_1"
1294,89,"GRC","Greece",1,"Anatoliki Makedonia kai Thraki","<U+0391><U+03BD>at<U+03BF><U+03BB><U+03B9><U+03BA><U+03AE> <U+039C>a<U+03BA>ed<U+03BF><U+03BD><U+03AF>a <U+03BA>a<U+03B9> T<U+03C1><U+03AC><U+03BA><U+03B7>","Macedonia East and Thrace","Diamerismata","Region"
1295,89,"GRC","Greece",2,"Attiki","<U+0391>tt<U+03B9><U+03BA><U+03AE>","Attica","Diamerismata","Region"
1296,89,"GRC","Greece",3,"Ayion Oros","<U+038C><U+03C1><U+03BF><U+03C2> <U+0386><U+03B8><U+03C9><U+03C2>","Mount Athos|Holy Mountain","Aftonomi Monastiki Politia","Autonomous Monastic State"
1297,89,"GRC","Greece",4,"Dytiki Ellada","<U+0394><U+03C5>t<U+03B9><U+03BA><U+03AE><U+03C2> <U+0395><U+03BB><U+03BB><U+03AC>d<U+03BF><U+03C2>","Greece West","Diamerismata","Region"
1298,89,"GRC","Greece",5,"Dytiki Makedonia","<U+0394><U+03C5>t<U+03B9><U+03BA><U+03AE><U+03C2> <U+039C>a<U+03BA>ed<U+03BF><U+03BD><U+03AF>a<U+03C2>","Macedonia West","Diamerismata","Region"
1299,89,"GRC","Greece",6,"Ionioi Nisoi","<U+0399><U+03CC><U+03BD><U+03B9>a <U+03BD><U+03B7>s<U+03B9><U+03AC>","Ionian Islands","Diamerismata","Region"
1300,89,"GRC","Greece",7,"Ipeiros","<U+0389>pe<U+03B9><U+03C1><U+03BF><U+03C2>","Epirus","Diamerismata","Region"
1301,89,"GRC","Greece",8,"Kentriki Makedonia","<U+039A>e<U+03BD>t<U+03C1><U+03B9><U+03BA><U+03AE> <U+039C>a<U+03BA>ed<U+03BF><U+03BD><U+03AF>a","Macedonia Central","Diamerismata","Region"
1302,89,"GRC","Greece",9,"Kriti","<U+039A><U+03C1><U+03AE>t<U+03B7>","Crete","Diamerismata","Region"
1303,89,"GRC","Greece",10,"Notio Aigaio","<U+039D><U+03BF>t<U+03AF><U+03BF><U+03C5> <U+0391><U+03B9><U+03B3>a<U+03AF><U+03BF><U+03C5>","Aegean South","Diamerismata","Region"
1304,89,"GRC","Greece",11,"Peloponnisos","<U+0399><U+03A0>e<U+03BB><U+03BF>p<U+03CC><U+03BD><U+03BD><U+03B7>s<U+03BF><U+03C2>","Peloponnese","Diamerismata","Region"
1305,89,"GRC","Greece",12,"Stereá Elláda","<U+039A>e<U+03BD>t<U+03C1><U+03B9><U+03BA><U+03AE> <U+0395><U+03BB><U+03BB><U+03AC>da","Greece Central","Diamerismata","Region"
1306,89,"GRC","Greece",13,"Thessalia","Tessa<U+03BB><U+03AF>a","Thessaly","Diamerismata","Region"
1307,89,"GRC","Greece",14,"Voreio Aigaio","<U+0392><U+03BF><U+03C1>e<U+03AF><U+03BF><U+03C5> <U+0391><U+03B9><U+03B3>a<U+03AF><U+03BF><U+03C5>","Aegean North","Diamerismata","Region"
