"PID","ID_0","ISO","NAME_0","ID_1","NAME_1","ID_2","NAME_2","NL_NAME_2","VARNAME_2","TYPE_2","ENGTYPE_2"
15991,89,"GRC","Greece",1,"Anatoliki Makedonia kai Thraki",1,"Drama","<U+0394><U+03C1><U+03AC>µa","","Nomos","Prefecture"
15992,89,"GRC","Greece",1,"Anatoliki Makedonia kai Thraki",2,"Evros","<U+0388>ß<U+03C1><U+03BF><U+03C5>","","Nomos","Prefecture"
15993,89,"GRC","Greece",1,"Anatoliki Makedonia kai Thraki",3,"Kavala","<U+039A>aß<U+03AC><U+03BB>a","Kavála|Kavalla","Nomos","Prefecture"
15994,89,"GRC","Greece",1,"Anatoliki Makedonia kai Thraki",4,"Rodopi","<U+03A1><U+03BF>d<U+03CC>p<U+03B7>","Rhodope","Nomos","Prefecture"
15995,89,"GRC","Greece",1,"Anatoliki Makedonia kai Thraki",5,"Xanthi","<U+039E><U+03AC><U+03BD><U+03B8><U+03B7>","","Nomos","Prefecture"
15996,89,"GRC","Greece",2,"Attiki",6,"Attica","<U+0391>tt<U+03B9><U+03BA><U+03AE>","Attiki","Nomos","Prefecture"
15997,89,"GRC","Greece",3,"Ayion Oros",7,"Ayion Oros","<U+038C><U+03C1><U+03BF><U+03C2> <U+0386><U+03B8><U+03C9><U+03C2>","Mount Athos|Holy Mountain","Aftonomi Monastiki Politia","Autonomous Monastic State"
15998,89,"GRC","Greece",4,"Dytiki Ellada",8,"Achaea","<U+0391><U+03C7>a<U+0390>a","Achaïa","Nomos","Prefecture"
15999,89,"GRC","Greece",4,"Dytiki Ellada",9,"Aitolia and Akarnania","<U+0391><U+03B9>t<U+03C9><U+03BB><U+03BF>a<U+03BA>a<U+03C1><U+03BD>a<U+03BD><U+03AF>a","Aetolia-Acarnania|Aitoloakarnanía|Aetoloacarnania|Etoloakarnania","Nomos","Prefecture"
16000,89,"GRC","Greece",4,"Dytiki Ellada",10,"Ilia","<U+0397><U+03BB>e<U+03AF>a","Ileía|Elia|Elis","Nomos","Prefecture"
16001,89,"GRC","Greece",5,"Dytiki Makedonia",11,"Florina","F<U+03BB><U+03CE><U+03C1><U+03B9><U+03BD>a","Flórina","Nomos","Prefecture"
16002,89,"GRC","Greece",5,"Dytiki Makedonia",12,"Grevena","G<U+03C1>eße<U+03BD><U+03AC>","","Nomos","Prefecture"
16003,89,"GRC","Greece",5,"Dytiki Makedonia",13,"Kastoria","<U+039A>ast<U+03BF><U+03C1><U+03B9><U+03AC>","","Nomos","Prefecture"
16004,89,"GRC","Greece",5,"Dytiki Makedonia",14,"Kozani","<U+039A><U+03BF><U+03B6><U+03AC><U+03BD><U+03B7>","","Nomos","Prefecture"
16005,89,"GRC","Greece",6,"Ionioi Nisoi",15,"Corfu","<U+039A><U+03AD><U+03C1><U+03BA><U+03C5><U+03C1>a","Kérkyra","Nomos","Prefecture"
16006,89,"GRC","Greece",6,"Ionioi Nisoi",16,"Kefallinia","<U+039A>efa<U+03BB><U+03BB><U+03BF><U+03BD><U+03B9><U+03AC>|<U+039A>efa<U+03BB><U+03BF><U+03BD><U+03B9><U+03AC>|<U+039A>efa<U+03BB><U+03BB><U+03B7><U+03BD><U+03AF>a","Kefalonia|Cephallenia|Cephallonia|Kefallonia","Nomos","Prefecture"
16007,89,"GRC","Greece",6,"Ionioi Nisoi",17,"Levkas","<U+039B>e<U+03C5><U+03BA><U+03AC>da","Lefkada|Leucas","Nomos","Prefecture"
16008,89,"GRC","Greece",6,"Ionioi Nisoi",18,"Zakynthos","<U+0396><U+03AC><U+03BA><U+03C5><U+03BD><U+03B8><U+03BF><U+03C2>","Zante","Nomos","Prefecture"
16009,89,"GRC","Greece",7,"Ipeiros",19,"Arta","<U+0386><U+03C1>ta","","Nomos","Prefecture"
16010,89,"GRC","Greece",7,"Ipeiros",20,"Ioannina","<U+0399><U+03C9><U+03AC><U+03BD><U+03BD><U+03B9><U+03BD>a |G<U+03B9><U+03AC><U+03BD><U+03BD>e<U+03BD>a|<U+029D>anena|G<U+03B9><U+03AC><U+03BD><U+03BD><U+03B9><U+03BD>a|<U+029D>anina","io'anina","Nomos","Prefecture"
16011,89,"GRC","Greece",7,"Ipeiros",21,"Preveza","<U+03A0><U+03C1>eße<U+03B6>a","","Nomos","Prefecture"
16012,89,"GRC","Greece",7,"Ipeiros",22,"Thesprotia","Tesp<U+03C1><U+03C9>t<U+03AF>a","","Nomos","Prefecture"
16013,89,"GRC","Greece",8,"Kentriki Makedonia",23,"Imathia","<U+0397>µa<U+03B8><U+03AF>a","","Nomos","Prefecture"
16014,89,"GRC","Greece",8,"Kentriki Makedonia",24,"Khalkidiki","<U+03A7>a<U+03BB><U+03BA><U+03B9>d<U+03B9><U+03BA><U+03AE>,","Chalkidiki|Halkidiki|Chalcidice|Chalkidice","Nomos","Prefecture"
16015,89,"GRC","Greece",8,"Kentriki Makedonia",25,"Kilkis","<U+039A><U+03B9><U+03BB><U+03BA><U+03AF><U+03C2>","Kilkis|<U+041A><U+0443><U+043A><U+0443><U+0448> Kukush","Nomos","Prefecture"
16016,89,"GRC","Greece",8,"Kentriki Makedonia",26,"Pella","<U+03A0><U+03AD><U+03BB><U+03BB>a","","Nomos","Prefecture"
16017,89,"GRC","Greece",8,"Kentriki Makedonia",27,"Pieria","<U+03A0><U+03B9>e<U+03C1><U+03AF>a","","Nomos","Prefecture"
16018,89,"GRC","Greece",8,"Kentriki Makedonia",28,"Serrai","S<U+03AD><U+03C1><U+03C1>e<U+03C2>|S<U+03AD><U+03C1><U+03C1>a<U+03B9>","Serres|Serrhae","Nomos","Prefecture"
16019,89,"GRC","Greece",8,"Kentriki Makedonia",29,"Thessaloniki","Tessa<U+03BB><U+03BF><U+03BD><U+03AF><U+03BA><U+03B7>","","Nomos","Prefecture"
16020,89,"GRC","Greece",9,"Kriti",30,"Heraklion","<U+0397><U+03C1><U+03AC><U+03BA><U+03BB>e<U+03B9><U+03BF>","Heraklio|Irákleio|Iráklio","Nomos","Prefecture"
16021,89,"GRC","Greece",9,"Kriti",31,"Khania","<U+03A7>a<U+03BD><U+03B9><U+03AC>","Chania|Chanea|Hania|Canea|Hanya","Nomos","Prefecture"
16022,89,"GRC","Greece",9,"Kriti",32,"Lasithi","<U+039B>as<U+03AF><U+03B8><U+03B9>","","Nomos","Prefecture"
16023,89,"GRC","Greece",9,"Kriti",33,"Rethymnon","<U+03A1><U+03AD><U+03B8><U+03C5>µ<U+03BD><U+03BF>","Rethimno|Rethymnon|Réthymnon|Rhíthymnos","Nomos","Prefecture"
16024,89,"GRC","Greece",10,"Notio Aigaio",34,"Cyclades","<U+039A><U+03C5><U+03BA><U+03BB><U+03AC>de<U+03C2>","","Nomos","Prefecture"
16025,89,"GRC","Greece",10,"Notio Aigaio",35,"Dodecanese","<U+0394><U+03C9>de<U+03BA><U+03AC><U+03BD><U+03B7>sa","Dodekánisa|Onikiada|Dodecaneso","Nomos","Prefecture"
16026,89,"GRC","Greece",11,"Peloponnisos",36,"Arcadia","<U+0391><U+03C1><U+03BA>ad<U+03AF>a","Arkadía","Nomos","Prefecture"
16027,89,"GRC","Greece",11,"Peloponnisos",37,"Argolis","<U+0391><U+03C1><U+03B3><U+03BF><U+03BB><U+03AF>da","Argolida","Nomos","Prefecture"
16028,89,"GRC","Greece",11,"Peloponnisos",38,"Corinth","<U+039A><U+03BF><U+03C1><U+03B9><U+03BD><U+03B8><U+03AF>a","Korinthía|Corinthia","Nomos","Prefecture"
16029,89,"GRC","Greece",11,"Peloponnisos",39,"Laconia","<U+039B>a<U+03BA><U+03C9><U+03BD><U+03AF>a","Lacedaemonia","Nomos","Prefecture"
16030,89,"GRC","Greece",11,"Peloponnisos",40,"Messinia","<U+039C>ess<U+03B7><U+03BD><U+03AF>a","Messenia","Nomos","Prefecture"
16031,89,"GRC","Greece",12,"Stereá Elláda",41,"Boeotia","<U+0392><U+03BF><U+03B9><U+03C9>t<U+03AF>a","Voiotía|Viotía","Nomos","Prefecture"
16032,89,"GRC","Greece",12,"Stereá Elláda",42,"Euboea","<U+0395><U+03CD>ß<U+03BF><U+03B9>a Évia|<U+0395><U+1F54>ß<U+03BF><U+03B9>a Eúboia","Negropont|Negroponte","Nomos","Prefecture"
16033,89,"GRC","Greece",12,"Stereá Elláda",43,"Evritania","<U+0395><U+03C5><U+03C1><U+03C5>ta<U+03BD><U+03AF>a","Eurytania|Evrytania","Nomos","Prefecture"
16034,89,"GRC","Greece",12,"Stereá Elláda",44,"Fokis","F<U+03C9><U+03BA><U+03AF>da","Fokída|Phokis|Phocis","Nomos","Prefecture"
16035,89,"GRC","Greece",12,"Stereá Elláda",45,"Fthiotis","F<U+03B8><U+03B9><U+03CE>t<U+03B9>da","Fthiótida|Phthiotis","Nomos","Prefecture"
16036,89,"GRC","Greece",13,"Thessalia",46,"Karditsa","<U+039A>a<U+03C1>d<U+03AF>tsa","","Nomos","Prefecture"
16037,89,"GRC","Greece",13,"Thessalia",47,"Larisa","<U+039B><U+03AC><U+03C1><U+03B9>sa","Lárisa","Nomos","Prefecture"
16038,89,"GRC","Greece",13,"Thessalia",48,"Magnesia","<U+039C>a<U+03B3><U+03BD><U+03B7>s<U+03AF>a","Magnisia","Nomos","Prefecture"
16039,89,"GRC","Greece",13,"Thessalia",49,"Trikala","<U+03A4><U+03C1><U+03AF><U+03BA>a<U+03BB>a","Trikka","Nomos","Prefecture"
16040,89,"GRC","Greece",14,"Voreio Aigaio",50,"Khios","<U+03A7><U+03AF><U+03BF><U+03C2>","Chios|Hios","Nomos","Prefecture"
16041,89,"GRC","Greece",14,"Voreio Aigaio",51,"Lesvos","<U+039B><U+03AD>sß<U+03BF><U+03C2>","Lesbos","Nomos","Prefecture"
16042,89,"GRC","Greece",14,"Voreio Aigaio",52,"Samos","S<U+03AC>µ<U+03BF><U+03C2>","","Nomos","Prefecture"
